product,category,sub_category,brand,sale_price,rating
Garlic Oil - Vegetarian Capsule 500 mg,Beauty & Hygiene,Hair Care,Sri Sri Ayurveda ,220.0,4.1
Water Bottle - Orange,"Kitchen, Garden & Pets",Storage & Accessories,Mastercook,180.0,2.3
"Brass Angle Deep - Plain, No.2",Cleaning & Household,Pooja Needs,Trm,119.0,3.4
Cereal Flip Lid Container/Storage Jar - Assorted Colour,Cleaning & Household,Bins & Bathroom Ware,Nakoda,149.0,3.7
Creme Soft Soap - For Hands & Body,Beauty & Hygiene,Bath & Hand Wash,Nivea,162.0,4.4
Germ - Removal Multipurpose Wipes,Cleaning & Household,All Purpose Cleaners,Nature Protect,169.0,3.3
Multani Mati,Beauty & Hygiene,Skin Care,Satinance,58.0,3.6
Hand Sanitizer - 70% Alcohol Base,Beauty & Hygiene,Bath & Hand Wash,Bionova,250.0,4.0
Biotin & Collagen Volumizing Hair Shampoo + Biotin & Collagen Hair Conditioner,Beauty & Hygiene,Hair Care,StBotanica,1098.0,3.5
"Scrub Pad - Anti- Bacterial, Regular",Cleaning & Household,"Mops, Brushes & Scrubs",Scotch brite,20.0,4.3
Wheat Grass Powder - Raw,Gourmet & World Food,Cooking & Baking Needs,NUTRASHIL,261.0,4.0
Butter Cookies Gold Collection,Gourmet & World Food,Chocolates & Biscuits,Sapphire,600.0,2.2
"Face Wash - Oil Control, Active",Beauty & Hygiene,Skin Care,Oxy,110.0,5.0
Mold & Mildew Remover with Bleach,Cleaning & Household,All Purpose Cleaners,Clorox,350.0,3.8
Just Spray - Mosquito Repellent Room Spray,Cleaning & Household,Fresheners & Repellents,Herbal Strategi,200.0,4.2
Dove Plastic Soap Case - Assorted Colour,Cleaning & Household,Bins & Bathroom Ware,Nakoda,49.0,4.0
Smooth Skin Oil - For Dry Skin,Beauty & Hygiene,Skin Care,Aroma Treasures,324.0,5.0
Salted Pumpkin,Gourmet & World Food,"Snacks, Dry Fruits, Nuts",Graminway,180.0,4.9
Flax Seeds - Roasted,Gourmet & World Food,"Snacks, Dry Fruits, Nuts",True Elements,120.0,4.3
Organic Tofu - Soy Paneer,Gourmet & World Food,Dairy & Cheese,Murginns,85.14,3.9
Ceramic Barrel Brush - Colour May Vary,Beauty & Hygiene,Hair Care,Bronson Professional,525.0,4.2
Instant Noodles - Chicken Satay Flavor,Gourmet & World Food,"Pasta, Soup & Noodles",Koka,45.0,4.1
Chia Seeds,"Foodgrains, Oil & Masala",Dry Fruits,NaturoBell,120.0,3.9
Cleanse Green Tea - Whole Leaf Loose Tea,Gourmet & World Food,Drinks & Beverages,Cambridge Tea Party,75.0,3.9
Veggie Cutter,"Kitchen, Garden & Pets",Kitchen Accessories,IRICH,195.0,5.0
Insulated Hot Fresh Casserole For Roti/Chapati - White,"Kitchen, Garden & Pets",Flask & Casserole,Cello,659.0,3.3
Granola - Happy Berries,Snacks & Branded Foods,Breakfast Cereals,Fit & Flex,245.0,3.5
Flaxseed - Pesticide Free,"Foodgrains, Oil & Masala",Dry Fruits,Safe Harvest,53.9,4.0
Paratha Puff,Snacks & Branded Foods,Frozen Veggies & Snacks,Switz,90.0,4.3
Lip Butter - Rose,Beauty & Hygiene,Skin Care,Organic Harvest,169.15,1.5
Fruit Power - Masala Sugarcane,Beverages,Fruit Juices & Drinks,Real,19.0,2.9
Chocobakes Choc Filled Cookies,"Bakery, Cakes & Dairy","Cookies, Rusk & Khari",Cadbury,102.0,4.2
Amber - Deodorant Body Spray,Beauty & Hygiene,Fragrances & Deos,Old Spice,211.65,3.4
Green Tea - Tulsi Loose Leaf,Beverages,Tea,Octavius,225.0,3.7
Pet Solitaire Container Set - Silver,"Kitchen, Garden & Pets",Storage & Accessories,Steelo,499.0,3.9
Dhania - Dal,"Foodgrains, Oil & Masala",Masalas & Spices,bb Royal,98.0,4.1
Pudina Chutney Masala,"Foodgrains, Oil & Masala",Masalas & Spices,Catch,46.75,3.9
Bodylicious Deodorant Spray - Mate (For Men),Beauty & Hygiene,Fragrances & Deos,Engage,136.5,4.1
"Sport Deo Spray - Fresh, for Men",Beauty & Hygiene,Men's Grooming,Engage,112.75,3.7
Choco Deck - Mini Delights,Snacks & Branded Foods,Chocolates & Candies,Fabelle,160.0,4.4
Eau De Toilette - Homme Green,Beauty & Hygiene,Fragrances & Deos,Colour Me,427.5,4.3
Lemon & Tea Tree Oil Soap,Beauty & Hygiene,Bath & Hand Wash,Liril,360.0,4.2
Flavoured Cream Wafer Roll - Strawberry,Gourmet & World Food,Chocolates & Biscuits,Twister,275.0,4.3
Storage/Lunch Steel Container with PP Lid - Red,"Kitchen, Garden & Pets",Steel Utensils,Classic Essentials,109.0,2.6
Plain Green Olives,Gourmet & World Food,Tinned & Processed Food,Figaro,179.0,5.0
Quinoa - Organic,"Foodgrains, Oil & Masala",Organic Staples,Organic Tattva,250.0,3.9
After Shave Splash - Arctic Ice,Beauty & Hygiene,Men's Grooming,Gillette,459.62,3.9
Colour Catcher Sheets,Cleaning & Household,All Purpose Cleaners,Dylon ,799.0,4.0
Sauce - Sweet & Sour,Gourmet & World Food,"Sauces, Spreads & Dips",Pantai,245.0,3.7
Super Hot and Sweet Mango Chutney,Snacks & Branded Foods,Pickles & Chutney,Spice Story,100.0,3.0
Pani Puri Mix Paste,"Foodgrains, Oil & Masala",Masalas & Spices,Mother's Recipe,48.95,4.1
Peach Syrup,Gourmet & World Food,Drinks & Beverages,Pekers,850.0,4.2
Acne & Oil Control Face Wash,Beauty & Hygiene,Men's Grooming,Red Hunt,80.0,4.0
Choco Deck - French Dessert Inspired Layered Bar,Snacks & Branded Foods,Chocolates & Candies,Fabelle,56.0,4.0
Extra Fine Green Peas,Gourmet & World Food,Tinned & Processed Food,Daucy,202.5,4.5
Foochka,Snacks & Branded Foods,Ready To Cook & Eat,Shareat,60.0,3.9
Argan-Liquid Gold Hair Spa,Beauty & Hygiene,Hair Care,Aroma Treasures,199.5,4.4
"Baby Bed Protector - Sublimation Print, Pink",Baby Care,Baby Bath & Hygiene,Quick Dry,199.0,3.7
"Atta Chalan - Stainless Steel, Size- No.8","Kitchen, Garden & Pets",Kitchen Accessories,Kvg,149.0,3.5
Dog Supplement - Absolute Skin + Coat Tablet,"Kitchen, Garden & Pets",Pet Food & Accessories,Drools,348.6,4.0
"Peanut Butter - Creamy, Super",Gourmet & World Food,"Sauces, Spreads & Dips",Happilo,209.4,4.3
Sugar Free Petit Beurre - The Taste of France,Snacks & Branded Foods,Biscuits & Cookies,Bisk Farm,35.0,4.0
Aqua Halo Rejuvenating Conditioner,Beauty & Hygiene,Hair Care,Azafran,168.75,1.0
Dog Supplement - Absolute Calcium Tablet,"Kitchen, Garden & Pets",Pet Food & Accessories,Drools,339.15,3.9
Battery Power Kids Toothbrush - Barbie,Beauty & Hygiene,Oral Care,Colgate,374.25,4.0
"Kids Motu Patlu Toothpaste - 2-5 Years, Bubble Fruit Flavour",Beauty & Hygiene,Oral Care,Colgate,43.0,4.0
Pure & Gentle Face Wash,Beauty & Hygiene,Skin Care,Pears,120.0,4.3
Sesame Seed Oil,Beauty & Hygiene,Skin Care,INATUR ,210.0,3.5
Til Dil Seeds,Gourmet & World Food,"Snacks, Dry Fruits, Nuts",Mantra,70.0,3.6
Acne Pimple Kit For Acne & Pimple Removal,Beauty & Hygiene,Skin Care,Natures Essence,500.0,3.0
"Disposable Bamboo Wood Skewer/Picker Sticks- For Barbeque, 12 Inch","Kitchen, Garden & Pets",Kitchen Accessories,Bamboooz,135.0,4.3
& Moms Bathing Soap - Jasmine,Beauty & Hygiene,Bath & Hand Wash,Dettol,108.0,4.6
"Toothbrush Superhero Assorted, Batman/Spiderman",Beauty & Hygiene,Oral Care,Colgate,49.0,3.9
Chips - Topica,Snacks & Branded Foods,Snacks & Namkeen,Sanjay ,65.0,3.9
Organic Dal - Masoor,"Foodgrains, Oil & Masala",Organic Staples,Pro Nature,96.0,3.9
Avida 3-in-1 Semi Economy Pouch -  FG01248,Cleaning & Household,Pooja Needs,Shalimar,31.5,4.6
Bathing Soap - Sandal & Turmeric,Beauty & Hygiene,Bath & Hand Wash,Godrej No.1,254.15,4.2
Hard Anodised Ezee-Pour Saucepan With Lid - L88,"Kitchen, Garden & Pets",Cookware & Non Stick,Hawkins Futura,864.5,4.6
Topp Up Milk - Elaichi,"Bakery, Cakes & Dairy",Dairy,Gowardhan,80.01,5.0
Namkeen - Madras Mixture,Snacks & Branded Foods,Snacks & Namkeen,Townbus,10.0,4.1
"Stainless Steel Storage Lunch Container - Flat, Carry Snack Pack","Kitchen, Garden & Pets",Steel Utensils,Ramson,129.0,1.5
Oceans Deodorant for Men - Long Lasting & Fresh Aquatic Fragrance,Beauty & Hygiene,Fragrances & Deos,Brut,179.4,4.0
Mr. Magic Powder-To-Liquid Germ Protection Handwash Empty Bottle + Refill,Beauty & Hygiene,Bath & Hand Wash,Godrej Protekt,32.55,4.4
Frankincense Oil,Beauty & Hygiene,Skin Care,Organic Harvest,258.75,3.7
"Wonder Diaper Pants - Xtra Large, 12-17 Kg",Baby Care,Diapers & Wipes,Huggies,1266.38,4.0
Fructis Serum - Long & Strong,Beauty & Hygiene,Hair Care,Garnier,230.0,4.8
Citrus Blast Orange Lemon Soap Free Body Wash,Beauty & Hygiene,Bath & Hand Wash,Fuschia,225.0,3.7
Veda Marie Light Biscuits,Snacks & Branded Foods,Biscuits & Cookies,Sunfeast,30.0,4.4
"2 Fold Umbrella - Auto-Open & Manual Close, Dark Violet","Kitchen, Garden & Pets",Storage & Accessories,Fendo,289.0,3.6
Henna & Ginseng Anti Hair Loss Shampoo,Beauty & Hygiene,Hair Care,Jovees,137.75,3.6
"Sandwich Toaster - Non-Stick, Gas","Kitchen, Garden & Pets",Cookware & Non Stick,Omega,249.0,3.3
"Baby Cereal - Ragi Almond & Banana, 6-8 Months, No Preservatives, No Artificial Colours",Baby Care,Baby Food & Formula,Slurrp Farm,349.0,4.0
Incense Sticks - Sandal,Cleaning & Household,Pooja Needs,Ambica,60.0,4.6
SPF 15 Sunscreen Lotion,Beauty & Hygiene,Skin Care,Elovera,209.3,5.0
Fenugreek,"Foodgrains, Oil & Masala",Organic Staples,Organic Tattva,28.5,4.2
Cold Pressed Bhringraj Cooling Oil For Hair Fall & Damage Control,Beauty & Hygiene,Skin Care,Soulflower,182.75,4.0
Spiced Tea - Blend Of 7 Refreshing Spices,Beverages,Tea,Wagh Bakri,150.0,4.3
Millet Rusk - Sweet,"Bakery, Cakes & Dairy","Cookies, Rusk & Khari",Nutribee,100.0,4.5
"Stainless Steel Kadai - Induction Bottom With Glass Lid,  26 cm","Kitchen, Garden & Pets",Cookware & Non Stick,Vinod,1099.0,3.8
"Power Pocket - Long Lasting Bathroom Fragrance, Berry Rush",Cleaning & Household,Fresheners & Repellents,Aer,53.35,4.2
Marvel Spiderman 2-In-1 Snackeez Bottle With Snack Box,"Kitchen, Garden & Pets",Storage & Accessories,Hm International,269.0,3.0
Refined Oil - Rice Bran (Natural Oryzanol & Vitamin E),"Foodgrains, Oil & Masala",Edible Oils & Ghee,Dhara ,183.0,4.1
Premium Square Plastic Container - Green,"Kitchen, Garden & Pets",Storage & Accessories,Mastercook,179.0,3.9
Instant Popcorn - Butter Delite,Snacks & Branded Foods,Snacks & Namkeen,ACT II,29.7,4.2
Dark Fantasy - Choco Fills Biscuits - Cookies,Snacks & Branded Foods,Biscuits & Cookies,Sunfeast,23.76,4.3
I Love You Fruit N Nut Chocolate,Snacks & Branded Foods,Chocolates & Candies,Amul,90.0,4.2
Pitted Green Olives,Gourmet & World Food,Tinned & Processed Food,Del Monte,230.0,4.4
Glass Mixing Bowl With Lid - Polo,"Kitchen, Garden & Pets",Crockery & Cutlery,Yera,159.0,3.7
Organic Idly Podi - Ginger,Snacks & Branded Foods,Ready To Cook & Eat,Aaha Oho,75.0,3.9
Glass Water Bottle - Aquaria Organic Purple,"Kitchen, Garden & Pets",Storage & Accessories,Cello,369.0,4.8
Stainless Steel Pav Bhaji/Idli Oval Shaped Plate,"Kitchen, Garden & Pets",Steel Utensils,Omega,125.0,3.6
Organic Cow Ghee/Tuppa,"Foodgrains, Oil & Masala",Organic Staples,Akshayakalpa,280.0,4.2
Dates/Kharjura - Deseeded,"Foodgrains, Oil & Masala",Dry Fruits,Lion,66.0,4.1
Chutney - Sweet Mango Sliced (without Garlic),Snacks & Branded Foods,Pickles & Chutney,Priya,90.0,3.9
Turmeric Powder/Arisina Pudi,"Foodgrains, Oil & Masala",Masalas & Spices,Aashirvaad,32.0,4.2
Ragi Flakes,Snacks & Branded Foods,Breakfast Cereals,Murginns,225.0,4.5
Mustard Oil - Cold Pressed,Gourmet & World Food,Oils & Vinegar,Health 1st,250.0,3.7
Juice/Water Glass - Long Drink Nord,"Kitchen, Garden & Pets",Crockery & Cutlery,Lyra,639.0,3.3
"Finger Brush For Kids - Blue, Ultra Soft",Beauty & Hygiene,Oral Care,Dentoshine  ,120.0,4.3
Water/Juice Glass  - Jupiter Long Glass,"Kitchen, Garden & Pets",Crockery & Cutlery,Lyra,459.0,3.5
Breeze - Razor Blades,Beauty & Hygiene,Feminine Hygiene,Gillette Venus,350.0,4.3
Olive Oil - Classic,Gourmet & World Food,Oils & Vinegar,BORGES,429.03,4.5
Skin Cream,Beauty & Hygiene,Skin Care,Aloederm,112.5,3.1
One Touch Air Purifier Freshener - Floral Bouquet Refill,Cleaning & Household,Fresheners & Repellents,Odonil ,77.0,4.2
Water/Juice Glass,"Kitchen, Garden & Pets",Crockery & Cutlery,Yera,189.0,3.7
Color Naturals Creme Riche Ultra Hair Color - Raspberry Red,Beauty & Hygiene,Hair Care,Garnier,199.0,4.1
Nomarks - Antimarks Soap For Oily Skin,Beauty & Hygiene,Bath & Hand Wash,Bajaj,40.0,4.3
Baby Napkins - Mini Terry,Baby Care,Feeding & Nursing,Mee Mee,179.0,4.3
"Printed Fabric Pencil Pouch - Purple, BB1263DPPL",Cleaning & Household,Stationery,DP,232.0,4.0
Organic Dosa Mix - Jowar,Snacks & Branded Foods,Ready To Cook & Eat,Aaha Oho,80.0,3.7
Lunch Box/Tiffin Set - Green BB 570 2,"Kitchen, Garden & Pets",Storage & Accessories,Tedemei,509.0,3.6
BCAA Energy Drink - Berry Flavour,Beverages,Energy & Soft Drinks,NOCD,110.0,4.0
Coffee Energizing Face Scrub,Beauty & Hygiene,Skin Care,BIOTIQUE,142.5,3.0
Pain Relief - Oil,Beauty & Hygiene,Hair Care,Himalaya Wellness,90.0,4.4
Ultra Soft New Born Diapers - Extra Small,Baby Care,Diapers & Wipes,Huggies,699.0,3.9
Ylang Ylang Essential Oil,Beauty & Hygiene,Skin Care,Soulflower,328.0,4.5
Clear Glycerine Soap - Natural Toning (Tea Tree Oil & Honey),Beauty & Hygiene,Bath & Hand Wash,Medimix,40.0,4.3
Soap,Beauty & Hygiene,Bath & Hand Wash,Mysore Sandal,430.0,5.0
"LED Bulb - 12 Watt, Cool Daylight, B22 Base","Kitchen, Garden & Pets",Appliances & Electricals,AGARO,159.0,4.0
Jaggery/Bella Powder - Pesticide Free,"Foodgrains, Oil & Masala","Salt, Sugar & Jaggery",Safe Harvest,56.0,3.9
Ready Masala - Kashmiri Meat,"Foodgrains, Oil & Masala",Masalas & Spices,Kohinoor,19.0,4.2
Breakfast Mix - Finger Millet Ragi Idli,Snacks & Branded Foods,Ready To Cook & Eat,GoodDiet,119.0,4.2
Herbal Wine Grapefruit Lip Balm,Beauty & Hygiene,Skin Care,Khadi Natural,99.0,4.4
Masala Upma,Snacks & Branded Foods,Ready To Cook & Eat,MOM Meal of the Moment,20.0,3.4
Bath & Body Oil - Oriental Spicy Rose,Beauty & Hygiene,Skin Care,Oriental Botanics,699.0,2.0
"Specialist Skin Care Oil - Scars, Stretch Mark, Ageing, Uneven Skin Tone",Beauty & Hygiene,Skin Care,Bio-Oil,333.0,4.2
Brioche,"Bakery, Cakes & Dairy",Gourmet Breads,The Baker's Dozen,155.0,4.4
"Notebook - Unruled, Long",Cleaning & Household,Stationery,Classmate,33.0,4.3
Instant Noodles - Soy & Vinegar,Gourmet & World Food,"Pasta, Soup & Noodles",Koka,67.5,3.6
Gluten-Free Quinoa Flour,Gourmet & World Food,Cooking & Baking Needs,Graminway,378.0,3.7
"Chikki, Peanut Bar",Snacks & Branded Foods,Indian Mithai,Paper Boat,40.0,4.1
Fields Of Gold Organic Cumin - Whole,"Foodgrains, Oil & Masala",Organic Staples,PRISTINE,52.0,4.4
Synthetic Food Colour Preparation Lemon Yellow,Snacks & Branded Foods,Ready To Cook & Eat,999,20.0,4.0
"Toothpaste - Gum Care, Expert Protection",Beauty & Hygiene,Oral Care,Pepsodent,78.4,4.3
Bio Myristica Spot Correcting Anti Acne Face Pack,Beauty & Hygiene,Skin Care,BIOTIQUE,149.25,3.9
"Stainless Steel Frying Ladle - No. 9, Silvera","Kitchen, Garden & Pets",Kitchen Accessories,Anjali,65.0,3.7
OvenOrg Multi Millet Rusk,"Bakery, Cakes & Dairy","Cookies, Rusk & Khari",PRISTINE,35.0,1.8
Masterchefs Germ Protection Liquid Handwash Refill,Beauty & Hygiene,Bath & Hand Wash,Godrej Protekt,147.0,4.2
Black Naturals Hair Colour Shade 1-Deep Black 20 ml + 20 gm,Beauty & Hygiene,Hair Care,Garnier,108.78,4.2
Apple Cider Vinegar - Raw Unfiltered Unpasteurized with Cinamon & Honey,Gourmet & World Food,Oils & Vinegar,Zoe,449.1,5.0
Wonderz Milk Shakes - Classic Vanilla,"Bakery, Cakes & Dairy",Dairy,Sunfeast,29.75,4.5
Marie Light Biscuits - Oats Fibre,Snacks & Branded Foods,Biscuits & Cookies,Sunfeast,25.0,4.3
Masala - Chicken,"Foodgrains, Oil & Masala",Masalas & Spices,Annapoorna,28.0,4.8
Dark Chocolate- 55% Rich In Cocoa,Snacks & Branded Foods,Chocolates & Candies,Amul,87.12,4.3
Gentle Baby Wipes,Baby Care,Diapers & Wipes,Himalaya,699.0,4.1
Plastic Dustbin - Beige,Cleaning & Household,Bins & Bathroom Ware,DP,249.0,4.1
Jeera Powder,"Foodgrains, Oil & Masala",Masalas & Spices,Catch,44.2,4.1
Pure Neem Skin Purifying Face Wash,Beauty & Hygiene,Skin Care,Joy,90.0,4.3
Lavender & Vanilla Handmade Luxury Soap,Beauty & Hygiene,Bath & Hand Wash,StBotanica,275.0,5.0
"Stainless Steel Pressure Cooker - Steeltuff, Induction Base, Silver","Kitchen, Garden & Pets",Cookware & Non Stick,United,2059.0,3.0
Chyawan Fit Sugarfree Chyawanprash - Natural Immunity Booster,Beauty & Hygiene,Health & Medicine,Baidyanath,225.0,5.0
"Energy Bars - Nutty, 4+ Years, 100% Natural & Healthy",Snacks & Branded Foods,Chocolates & Candies,Timios,140.0,3.6
Chilli Flakes,Gourmet & World Food,Cooking & Baking Needs,On1y,99.0,4.3
Bite & Sip Flask And Lunch Box/Tiffin Box - Green Colour,"Kitchen, Garden & Pets",Storage & Accessories,Asian,319.0,3.5
Namkeen - Khara Boondi,Snacks & Branded Foods,Snacks & Namkeen,Tasties,49.0,4.0
Raw Seeds - Sunflower Pumpkin Flax Seeds,Gourmet & World Food,"Snacks, Dry Fruits, Nuts",True Elements,166.0,4.4
"Garnet LED White Bulb - 14 Watt, Cool Day, B22","Kitchen, Garden & Pets",Appliances & Electricals,Wipro,199.0,3.5
Tempeh Cubes - Simply Sriracha Soyabean,"Bakery, Cakes & Dairy",Dairy,Hello Tempayy,135.0,5.0
Sour Cream & Onion,Gourmet & World Food,"Snacks, Dry Fruits, Nuts",Appitas,95.0,2.8
Xylitol Powder,Gourmet & World Food,Cooking & Baking Needs,So Sweet,350.0,5.0
Sixer Biscuits - Salted,Snacks & Branded Foods,Biscuits & Cookies,Parle,60.0,4.2
Peach Shine Lip Care,Beauty & Hygiene,Skin Care,Himalaya,112.5,4.0
Skincare Hand Wash Refill,Beauty & Hygiene,Bath & Hand Wash,Dettol,218.0,4.3
Mix - Rava Idli,Snacks & Branded Foods,Ready To Cook & Eat,Grb,110.0,4.1
Skin Awakening Rinse,Beauty & Hygiene,Skin Care,Kaya Clinic,432.0,5.0
Regenerist - Advanced Anti-Ageing Revitalising Hydration Skin Cream Moisturizer SPF 15,Beauty & Hygiene,Skin Care,Olay,1049.25,4.1
"Tropical Fruit Pudding - Lychee, Mango, Strawberry Flavoured",Gourmet & World Food,Chocolates & Biscuits,Cocon,63.75,4.0
Salt & Peeper Shaker Masala Dabbi With Window,"Kitchen, Garden & Pets",Kitchen Accessories,Ritu,89.0,3.2
Organic - Triphala Powder,"Foodgrains, Oil & Masala",Organic Staples,Organic Tattva,94.05,4.2
Aeda Glycerine Bathing Bar - Natural Green,Beauty & Hygiene,Bath & Hand Wash,K.P. Namboodiris,35.0,4.7
Sun Expert Fairnes Sunscren Lotion SPF 30 PA++,Beauty & Hygiene,Skin Care,Lakme,385.0,4.5
Cotton Pads,Beauty & Hygiene,Health & Medicine,Tulips,80.0,4.4
Ashwagandha Powder,Gourmet & World Food,Drinks & Beverages,NUTRIWISH,400.0,2.5
Frozen - Mixed Vegetables,Snacks & Branded Foods,Frozen Veggies & Snacks,Safal,93.5,4.1
Masala - Kitchen,"Foodgrains, Oil & Masala",Masalas & Spices,Aachi,29.7,5.0
Mustard/Sasive/Rai - Big,"Foodgrains, Oil & Masala",Masalas & Spices,bb Royal,30.0,4.2
Ayurvedic Soap,Beauty & Hygiene,Bath & Hand Wash,Chandrika ,230.4,4.4
Cotton Swabs,Beauty & Hygiene,Health & Medicine,Tulips,109.0,4.0
Red Curry,Gourmet & World Food,Cooking & Baking Needs,Real Thai,270.0,4.4
Heavy Starch - Lemon Fresh Scent,Cleaning & Household,All Purpose Cleaners,Faultless,285.0,4.5
United Dreams Go Far Eau De Toilette,Beauty & Hygiene,Fragrances & Deos,United Colors Of Benetton ,1330.0,5.0
So Soft 2 Ply Face Tissue Box,Cleaning & Household,"Disposables, Garbage Bag",Origami,140.0,4.1
Stevia Spoonable - Powder,Gourmet & World Food,Cooking & Baking Needs,So Sweet,320.0,3.9
Fragrance Body Spray - Cool Blue,Beauty & Hygiene,Fragrances & Deos,Park avenue,159.5,3.5
Almond & Rose Soap Value Pack,Beauty & Hygiene,Bath & Hand Wash,Himalaya,131.2,4.3
Yippee Noodles - Magic Masala,Snacks & Branded Foods,"Noodle, Pasta, Vermicelli",Sunfeast,61.2,4.3
Fields Of Gold Organic Foxtail Millet,"Foodgrains, Oil & Masala",Dals & Pulses,PRISTINE,90.0,4.5
Arrabbiata Tomato Pasta Sauce With Chilli,Gourmet & World Food,"Sauces, Spreads & Dips",Montanini,325.0,5.0
"Wood - Centre Filled Bar Infused With Dark Mousse, Cinnamon & Coffee",Snacks & Branded Foods,Chocolates & Candies,Fabelle,350.0,4.5
Acno Fight Pimple Clearing Gel,Beauty & Hygiene,Men's Grooming,Garnier Men,104.3,3.3
Gold Flash - Mosquito Repellent Combo Machine & Refill,Cleaning & Household,Fresheners & Repellents,Good knight,226.16,4.3
Stainless Steel Airtight Storage Container - SL-1401,"Kitchen, Garden & Pets",Steel Utensils,Steel Lock,209.0,3.7
Family Sunscreen Lotion SPF 25,Beauty & Hygiene,Skin Care,INATUR ,273.0,1.0
Japanese Cooking Rice-Wine,Gourmet & World Food,Oils & Vinegar,Urban Platter,475.0,1.0
Coated Green Peas - Wasabi,Gourmet & World Food,"Snacks, Dry Fruits, Nuts",Cornitos,93.5,4.1
Charminar Basmati Rice/Basmati Akki - Select,"Foodgrains, Oil & Masala",Rice & Rice Products,Kohinoor,399.0,3.9
Hide & Seek Choco Rolls,Snacks & Branded Foods,Biscuits & Cookies,Parle,37.5,4.3
"Hair Fall Control Kit - Oil, Shampoo & Serum",Beauty & Hygiene,Hair Care,Dr Batra's ,630.0,5.0
"Anti-Acne Face Cleanser - With Salyclic Acid, For Oily Skin",Beauty & Hygiene,Men's Grooming,Bombay Shaving Company,236.0,3.0
Gluten-Free Moong Dal Cheela/Dosa Mix,Gourmet & World Food,Cooking & Baking Needs,Graminway,259.0,4.2
Milk Boiler - Aluminium,"Kitchen, Garden & Pets",Cookware & Non Stick,Le Kaviraj,549.0,2.5
Cube Storage Glass Jar,"Kitchen, Garden & Pets",Storage & Accessories,Treo,249.0,4.4
M1 Perfume Spray - For Men,Beauty & Hygiene,Fragrances & Deos,Engage,231.0,4.3
Nicer Dicer,"Kitchen, Garden & Pets",Kitchen Accessories,IRICH,475.0,2.6
Masala - Punjabi Chhole,"Foodgrains, Oil & Masala",Masalas & Spices,Tata Sampann,28.05,4.3
"Microwaveable Plastic Multiutility Bowl - Yellow, New Coral, L2272 YL","Kitchen, Garden & Pets",Storage & Accessories,Princeware,29.0,3.6
Milk Delights Face Wash With Honey For Dry Skin,Beauty & Hygiene,Skin Care,Nivea,86.4,4.2
Instaglow Oxygen Bleach,Beauty & Hygiene,Skin Care,Vlcc,63.0,4.1
Soft Drink - Lime Flavoured,Beverages,Energy & Soft Drinks,Sprite,38.0,4.3
Royce Premium High Quality Pedal Plastic Dustbin / Garbage Bin - Blue,Cleaning & Household,Bins & Bathroom Ware,MVS,219.0,2.8
Dazzle Livid Lilac Dinner Set - White,"Kitchen, Garden & Pets",Crockery & Cutlery,Cello,1229.0,3.8
Tea - English Breakfast,Beverages,Tea,Typhoo,166.0,4.5
Steel Cut Oats,Snacks & Branded Foods,Breakfast Cereals,NUTRIWISH,650.0,3.5
Green Sliced Olives,Gourmet & World Food,Tinned & Processed Food,Habit,180.0,4.0
Ready To Eat - Khatta Meetha Poha,Snacks & Branded Foods,Ready To Cook & Eat,MTR,60.0,4.1
Radiance Boost Orange Aroma Mask,Beauty & Hygiene,Skin Care,Organic Harvest,112.5,2.5
Masala Oats - Veggie Twist,Snacks & Branded Foods,Snacks & Namkeen,Saffola,180.0,4.2
Sunscreen Cream - Sunblock Anti Aging SPF UV 60,Beauty & Hygiene,Skin Care,Soft Touch,475.0,4.5
Sunblock Lotion,Beauty & Hygiene,Skin Care,Aroma Magic ,178.5,4.1
Copper Water Fliptop Bottle - Stripes,"Kitchen, Garden & Pets",Steel Utensils,Frestol,549.0,2.4
"Long & Black Shampoo - With Goodness Of Amla & Bhringraj, For Shiny, Black Hair",Beauty & Hygiene,Hair Care,Dabur Vatika,171.0,4.2
Toothpaste - Complete Care,Beauty & Hygiene,Oral Care,Neem ,65.0,4.3
Olive Oil - Pomace,Gourmet & World Food,Oils & Vinegar,Oleiva Gold,3330.0,3.5
Bonacure Conditioner - Repair Rescue,Beauty & Hygiene,Hair Care,Schwarzkopf Professional,900.0,5.0
Vegan Chipotle Mayo - Dairy-Free,Gourmet & World Food,"Sauces, Spreads & Dips",Urban Platter,332.5,3.4
"Oregano - Organic, USDA Certified",Gourmet & World Food,Cooking & Baking Needs,Geo-Fresh,99.0,4.2
Multigrain Energy Bar - Nuts n Seed,Gourmet & World Food,"Snacks, Dry Fruits, Nuts",Yoga bar,40.0,4.0
Active Fresh Gel Toothpaste,Beauty & Hygiene,Oral Care,Himalaya,45.0,4.3
Hydro Replenish Radiance Day Crème with SPF 15,Beauty & Hygiene,Skin Care,Kaya Youth,104.3,4.3
Anti-Hair Fall Shampoo,Beauty & Hygiene,Hair Care,Himalaya,123.5,4.2
"Cereal - Ragi, Rice & Mango With Milk",Baby Care,Baby Food & Formula,Slurrp Farm,300.0,4.0
Fenugreek/Methi/Menthya,"Foodgrains, Oil & Masala",Masalas & Spices,bb Popular,18.4,4.1
Hair Spa Oil Therapy,Beauty & Hygiene,Hair Care,Prakrta,370.5,5.0
"Sauce - Bhut Jolokia, Sweet Chilli",Snacks & Branded Foods,"Spreads, Sauces, Ketchup",ENE,168.75,5.0
Organic Coriander Powder,"Foodgrains, Oil & Masala",Organic Staples,24 Mantra,48.0,4.1
Stainless Steel Induction Base Tope,"Kitchen, Garden & Pets",Steel Utensils,Vinod,399.0,4.1
Andhra Special Allam/Ginger Pickle,Snacks & Branded Foods,Pickles & Chutney,Delight Foods,210.0,2.0
New Dry Diapers - Medium,Baby Care,Diapers & Wipes,Huggies,388.88,3.8
Fruit N Fibre Muesli - Mixed Fruit,Snacks & Branded Foods,Breakfast Cereals,Bagrrys,320.0,4.3
Baby Corn - Sweet & Sour,Gourmet & World Food,Tinned & Processed Food,Hugo Reitzel ,607.75,5.0
Kool - Badam,"Bakery, Cakes & Dairy",Dairy,Amul,20.0,4.2
Creamy Crackers - Original,Gourmet & World Food,Chocolates & Biscuits,Sapphire,180.0,4.3
Milly Magic Chocolate Balls - Gluten Free,Snacks & Branded Foods,Breakfast Cereals,Schar,485.0,4.0
Millet Based Nutrition Bar - Classic,Gourmet & World Food,Cereals & Breakfast,Ah!rogya Bar,20.0,4.0
"Bathroom Cleaner - Liquid, Hand Made",Cleaning & Household,All Purpose Cleaners,Wild Ideas,120.0,3.5
Kodo Millet Rice - Pesticide Free,"Foodgrains, Oil & Masala",Dals & Pulses,Safe Harvest,84.15,4.1
Wipeout Germ Killing Soap,Beauty & Hygiene,Bath & Hand Wash,MyGlamm,55.2,4.0
Jelly Crystal - Raspberry,Gourmet & World Food,Cooking & Baking Needs,Puramate,40.5,4.4
Black Tea,Beverages,Tea,Tetley,155.0,4.3
"Kitchen Cleaning/Dusting Microfibre Cloth - Grey, G130060GR",Cleaning & Household,"Mops, Brushes & Scrubs",Liao,239.2,4.3
"Peri Peri Sauce - Bird Eye Chili, Hot & Tangy",Gourmet & World Food,"Sauces, Spreads & Dips",Habanero,161.1,4.1
Wonderz Milk Fruit N Milk - Mango,"Bakery, Cakes & Dairy",Dairy,Sunfeast,29.75,4.1
Cow Ghee/Tuppa,"Foodgrains, Oil & Masala",Edible Oils & Ghee,Himalayan Natives,432.0,3.4
"Organic - Black Cardamom Ealachi, Whole","Foodgrains, Oil & Masala",Organic Staples,bb Royal,44.0,4.0
Ultimate Choco Berry,Snacks & Branded Foods,Chocolates & Candies,RiteBite Max Protein,950.0,4.9
Steel Belly Shape Storage Dabba/ Container Set With PP Lid - Silver & Blue,"Kitchen, Garden & Pets",Steel Utensils,Jensons,219.0,3.8
Kool - Koko,"Bakery, Cakes & Dairy",Dairy,Amul,111.0,4.3
"Apple Cider Vinegar - With Mother, Unfiltered & Unpasteurized",Gourmet & World Food,Oils & Vinegar,TrueNature,500.0,5.0
Dare Deodorant Spray - Men,Beauty & Hygiene,Fragrances & Deos,Kamasutra,210.0,3.9
Svachh DLX Alpha Steel Outer Lid Pressure Cooker (20247),"Kitchen, Garden & Pets",Cookware & Non Stick,Prestige,2060.0,3.3
Hydrating Body Lotion,Beauty & Hygiene,Skin Care,Nutrinorm,349.0,4.0
Nuts & Seeds Bar,Snacks & Branded Foods,Breakfast Cereals,RiteBite Max Protein,36.0,3.8
"Nacho Chips - Cheese With Herbs, No Onion, No Garlic",Gourmet & World Food,"Snacks, Dry Fruits, Nuts",Makino,46.9,4.2
7 O Click - Permasharp Stainless Blade,Beauty & Hygiene,Men's Grooming,Gillette,21.56,4.1
Classic Sandalwood & Tulsi Hand Wash,Beauty & Hygiene,Bath & Hand Wash,Santoor,209.0,3.8
Brass Karpoor Arti - No.2,Cleaning & Household,Pooja Needs,Trm,109.0,3.8
Nikhaar Hair Removal Cream For All Skin Types,Beauty & Hygiene,Feminine Hygiene,Veet,82.0,4.1
Original Care Lip Balm For 24h Moisture With Shea Butter & Natural Oils,Beauty & Hygiene,Skin Care,Nivea,114.8,4.3
"Plastic Insulated Jr Casserole For Roti/Chapati Gift Set - White, Regalia","Kitchen, Garden & Pets",Flask & Casserole,Milton,739.0,3.5
Vastu Combo Pack - Floor Cleaner + toilet cleaner,Cleaning & Household,All Purpose Cleaners,Runaway,319.0,3.6
"Water Flask - Insulated Thermosteel, Flip Lid , Silver","Kitchen, Garden & Pets",Flask & Casserole,Milton,879.0,4.2
"Ultra Healing - Extra Dry Skin Moisturiser With Vitamin C, E & B5",Beauty & Hygiene,Skin Care,Jergens,296.1,2.0
"Organic, Fennel /Saunf/Sompu Powder","Foodgrains, Oil & Masala",Masalas & Spices,bb Royal,23.0,4.1
Coconut Braker - Big,"Kitchen, Garden & Pets",Kitchen Accessories,Kvg,129.0,3.0
Truffel - Caramel,Snacks & Branded Foods,Chocolates & Candies,Dukes,190.0,3.7
Mischief Avatar Deodorant & Body Spray Perfume For Men,Beauty & Hygiene,Fragrances & Deos,Set Wet,121.0,3.8
Skin Fruits Fruit Moisturising Body Lotion,Beauty & Hygiene,Skin Care,Joy,68.85,4.1
Basmati Rice/Basmati Akki - Rozana Super 90,"Foodgrains, Oil & Masala",Rice & Rice Products,Daawat ,340.0,3.9
Milk power Frappe Milkshake - Belgian Chocolate,"Bakery, Cakes & Dairy",Dairy,Real,27.0,4.2
"Peanut Butter - Unsweetened, Crunchy",Snacks & Branded Foods,"Spreads, Sauces, Ketchup",Happy Jars,275.0,3.8
Salem Turmeric Powder/Arisina Pudi,"Foodgrains, Oil & Masala",Masalas & Spices,Orika,24.75,4.4
Body Fragrance - Alexander,Beauty & Hygiene,Fragrances & Deos,Park avenue,149.25,4.3
"Steel Storage/Lunch Container- No.1, Blue, Klip It","Kitchen, Garden & Pets",Steel Utensils,Joyo Steel,79.0,3.1
Aloe Vera Juice - Purifies Blood & Boosts Immunity,Gourmet & World Food,Drinks & Beverages,Jiva Ayurveda,220.0,1.0
"Balloon - Polka Dot, 12 Inch",Cleaning & Household,Party & Festive Needs,B Vishal,99.0,3.9
School/Stationery Kit,Cleaning & Household,Stationery,BIC Cello,49.0,4.1
Face Wash - White Tea & Chamomile,Beauty & Hygiene,Skin Care,Aroma Magic ,129.5,4.2
Bathroom Cleaner,Cleaning & Household,All Purpose Cleaners,PureCult,209.3,4.0
Imperial Desert Set - Aqua Leaves,"Kitchen, Garden & Pets",Crockery & Cutlery,Cello,419.0,2.8
Solitaire Storage Transparent Pet Container Set - Green Lid,"Kitchen, Garden & Pets",Storage & Accessories,Steelo,409.0,4.2
Organic Cold Pressed Virgin Coconut Oil,Gourmet & World Food,Oils & Vinegar,GoodDiet,239.0,4.4
Hand Wash Rose & Geranium - Anti Bacterial,Beauty & Hygiene,Bath & Hand Wash,Morpheme Remedies,349.0,5.0
Namkeen - Flattend Rice Mixture,Snacks & Branded Foods,Snacks & Namkeen,Sln  ,38.0,4.0
Black Naturals,Beauty & Hygiene,Hair Care,Garnier,37.0,4.2
Sorghum Rava/ Semolina,Gourmet & World Food,Cooking & Baking Needs,Dhatu Organics & Naturals,80.0,4.4
Sensitive Toothpaste - Fresh Mint,Beauty & Hygiene,Oral Care,Sensodyne,215.6,4.3
Floor Cleaner - Lime,Cleaning & Household,All Purpose Cleaners,Floroma,70.0,3.8
Hair Serum - Anti-Dandruff,Beauty & Hygiene,Hair Care,Aroma Magic ,637.5,1.0
"Face Mask 3-Layer Surgical - Disposable, Anti-Dust & Anti-Pollution, With Earloop",Beauty & Hygiene,Health & Medicine,Octus,79.0,3.5
Organic - Kalonji,"Foodgrains, Oil & Masala",Organic Staples,Organic Tattva,47.5,4.2
Red Poha,"Foodgrains, Oil & Masala",Organic Staples,Turn Organic ,80.0,4.0
Brightening Serum,Beauty & Hygiene,Skin Care,Kaya Clinic,942.0,4.0
Sheer Perfume For Women - EDP,Beauty & Hygiene,Fragrances & Deos,Skinn by Titan,1435.5,4.4
Baking Powder - Double Acting,Gourmet & World Food,Cooking & Baking Needs,By Nature,145.0,5.0
"Ready Mix - Kheer, Vermicelli",Snacks & Branded Foods,Ready To Cook & Eat,Gits,53.0,4.3
Scrubbing Broom Brush - Outdoor,Cleaning & Household,"Mops, Brushes & Scrubs",Ezy Be,256.5,4.5
Organic Wheat Dalia,"Foodgrains, Oil & Masala",Organic Staples,Organic Tattva,52.25,4.1
The Original Kashaya - Caffeine Free,Gourmet & World Food,Drinks & Beverages,6 Rasa,279.0,4.8
Elegance Deodorizing Talc - For Men,Beauty & Hygiene,Men's Grooming,Yardley London,157.25,4.4
Organic Rasam Ready Mix - Long Pepper,Snacks & Branded Foods,Ready To Cook & Eat,Aaha Oho,85.0,4.2
Gold Caramel Candy,Snacks & Branded Foods,Chocolates & Candies,ALPENLIEBE,50.0,4.3
Masala - Birayani Pulao,"Foodgrains, Oil & Masala",Masalas & Spices,Mdh,80.0,4.2
Hair Fall Control Oil,Beauty & Hygiene,Hair Care,Dr Batra's ,145.0,4.0
Bio Renew White Strawberry & Sweet Mint Conditioner,Beauty & Hygiene,Hair Care,Herbal Essence,468.0,4.4
"Comfort Bathroom Stool Plastic/Patla - Plain, Big, Assorted",Cleaning & Household,Bins & Bathroom Ware,JOYO,259.0,3.4
Bounce Biscuits - Elaichi Creme,Snacks & Branded Foods,Biscuits & Cookies,Sunfeast,27.0,4.1
"Pumice Stone & Emery Foot Filer - FFL3407, Colour May Vary",Beauty & Hygiene,Bath & Hand Wash,Kaiv,175.0,3.8
Light Soy Sauce - Reduced Salt,Gourmet & World Food,"Sauces, Spreads & Dips",Tai Hua,346.5,3.9
"Kitchen Cleaning/Dusting Microfibre Cloth - Red & Grey, G130064RG",Cleaning & Household,"Mops, Brushes & Scrubs",Liao,219.0,4.0
Painting Kit,Cleaning & Household,Stationery,Doms,196.0,4.7
Diamond Skin Brightening Kit - Consumer Pack,Beauty & Hygiene,Skin Care,Joy,150.0,4.0
Organic - Turmeric Powder/Arisina Pudi,"Foodgrains, Oil & Masala",Organic Staples,Turn Organic ,32.0,4.7
Natural Neem Agarbatti,Cleaning & Household,Fresheners & Repellents,Good knight,180.0,3.0
Raspberry Strawberry Preserve,Gourmet & World Food,"Sauces, Spreads & Dips",The Gourmet Jar,349.0,3.5
Hajmola Maha Candy - Aam+Imli,Beauty & Hygiene,Health & Medicine,Dabur,117.0,4.4
Rice Bran Oil,"Foodgrains, Oil & Masala",Edible Oils & Ghee,Fortune ,173.0,4.1
"N95 Washable Face Mask - Blue, Medium",Beauty & Hygiene,Health & Medicine,Nirvana,299.0,3.8
Coriander Powder,"Foodgrains, Oil & Masala",Masalas & Spices,Patanjali,24.0,4.2
Dressing - Creamy Caesar,Gourmet & World Food,"Sauces, Spreads & Dips",American Garden ,270.0,3.9
Chocolate Flavoured Lubes,Beauty & Hygiene,Health & Medicine,Skore,300.0,2.3
Whiteglow Skin Whitening & Brightening Gel Creme PA+++ - SPF 25,Beauty & Hygiene,Skin Care,Lotus Herbals,292.5,4.3
Active Baby Medium (6-11 kg) - 62 Diapers,Baby Care,Diapers & Wipes,Pampers ,1077.02,4.4
Nutrition & Health Drink - Pista Badam,Beverages,"Health Drink, Supplement",Complan,315.0,4.4
Chocolate Biscuits - Cream 4 Fun,Snacks & Branded Foods,Biscuits & Cookies,Dukes,25.0,4.0
Oat Krunch - Dark Chocolate,Gourmet & World Food,Chocolates & Biscuits,Munchys,125.0,5.0
Soft & Fresh Soap Bar,Beauty & Hygiene,Bath & Hand Wash,Pears,72.0,4.4
Oxygen Moisture Shampoo,Beauty & Hygiene,Hair Care,Dove,466.2,4.2
"Almond Milk - Unsweetened, Lactose-Free, Plant-Based Milk Alternative",Gourmet & World Food,Dairy & Cheese,Urban Platter,237.5,4.2
"Table Ring - Trivet Round, Dia-13 cm","Kitchen, Garden & Pets",Kitchen Accessories,Kvg,45.0,3.7
Non Scratch Sponge,Cleaning & Household,"Mops, Brushes & Scrubs",Scotch brite,57.0,4.3
Premium Care XXXL - 23 Diaper Pants,Baby Care,Diapers & Wipes,Pampers ,850.26,3.8
Shikakai - Amla and Bhringraj,Beauty & Hygiene,Bath & Hand Wash,Godrej,20.9,4.2
Amritsari Chhole Masala,"Foodgrains, Oil & Masala",Masalas & Spices,Keya,40.95,4.1
Meswak Toothpaste,Beauty & Hygiene,Oral Care,Dabur,426.3,4.3
Tofu Supreme - Regular,"Bakery, Cakes & Dairy",Non Dairy,Soyfit,108.0,2.8
Honey Sunflower,Gourmet & World Food,"Snacks, Dry Fruits, Nuts",Tong Garden,110.5,4.7
Premium Raw Organic Authentic Flaxseeds,Gourmet & World Food,"Snacks, Dry Fruits, Nuts",Happilo,59.4,4.5
Ultra Protect Spray,Beauty & Hygiene,Bath & Hand Wash,Dr Rhazes,340.0,3.5
Chia Mango Mint Jam,Gourmet & World Food,"Sauces, Spreads & Dips",Prasukh,126.0,3.5
Asafoetida - Powder,"Foodgrains, Oil & Masala",Masalas & Spices,Double Horse,90.25,4.3
"Pure Maple Syrup - Product Of Canada, Grade A, Robust Taste",Gourmet & World Food,"Sauces, Spreads & Dips",Urban Platter,900.0,4.7
Tagara (Valerian) - Tablets,Beauty & Hygiene,Health & Medicine,Himalaya Wellness,145.2,4.8
Masala - Pav Bhaji,"Foodgrains, Oil & Masala",Masalas & Spices,Eastern,66.0,4.1
Greek Yogurt Smoothie - Strawberry,Gourmet & World Food,Drinks & Beverages,Epigamia ,49.0,4.0
Marvel Spiderman Metal Kids Pencil Box,Cleaning & Household,Stationery,Hm International,149.0,3.0
Jeera Nibbles,Snacks & Branded Foods,Biscuits & Cookies,Dukes,39.0,4.1
Pure Aloe Vera Gel,Beauty & Hygiene,Skin Care,Jeva,107.0,3.7
Brazil - Single Origin Dark Chocolate,Gourmet & World Food,Chocolates & Biscuits,Toska Chocolates,320.0,5.0
Sesame Chikki,Snacks & Branded Foods,Indian Mithai,Paper Boat,300.0,4.0
Jerk Sauce,Snacks & Branded Foods,"Spreads, Sauces, Ketchup",Bechef,160.0,5.0
Organic Elicoidali Pasta,Gourmet & World Food,"Pasta, Soup & Noodles",Anmara,396.0,5.0
Elegant Fruit Center Filled Choco Assortment,Gourmet & World Food,Chocolates & Biscuits,KOKOLEKA,267.75,5.0
"Basting Brush Kitchen Oil Cooking Tool - Silicon Plastic, Pink/Peach Assorted, BB1166","Kitchen, Garden & Pets",Bakeware,Casasunco,139.0,4.4
Baby Powder With Fragrance,Baby Care,Baby Bath & Hygiene,Pigeon,99.0,3.8
Supple Bounce Body Lotion,Beauty & Hygiene,Skin Care,Dove,105.6,4.5
Glass Serving Mixing Bowl,"Kitchen, Garden & Pets",Crockery & Cutlery,Gupta Glass Ideas,169.0,2.8
Tawa Pav Bhaji Masala,"Foodgrains, Oil & Masala",Masalas & Spices,Keya,39.6,4.0
"Bathing Bar Soap - Germ Protection, Original",Beauty & Hygiene,Bath & Hand Wash,Dettol,335.81,4.3
Nylon Rope,Cleaning & Household,Bins & Bathroom Ware,SSS,80.0,4.2
Crunchy & Creame Wafer Biscuit - Vanilla,Gourmet & World Food,Chocolates & Biscuits,Harveys,89.1,3.3
Fevicryl - Pearl Kit,Cleaning & Household,Stationery,Pidilite,108.0,4.2
"Deluxe Granite Non-Stick Omni Tawa, 250 mm (36301)","Kitchen, Garden & Pets",Cookware & Non Stick,Prestige,870.0,3.5
For Man Eau De Toilette,Beauty & Hygiene,Fragrances & Deos,Jacques Bogart,2415.0,2.0
Juice/Milk Mugs,"Kitchen, Garden & Pets",Crockery & Cutlery,Yera,229.0,3.0
Shaving Foam,Beauty & Hygiene,Men's Grooming,Red Hunt,68.0,2.5
Mix - Rava Dosai,Snacks & Branded Foods,Ready To Cook & Eat,Gits,60.0,4.3
"Green Tea - Mint, Good morning",Beverages,Tea,Wagh Bakri,75.0,4.5
Bathing Soap - Cucumber & Coconut,Beauty & Hygiene,Bath & Hand Wash,Himalaya,99.36,4.2
Shot Body Spray - Royal Jade,Beauty & Hygiene,Fragrances & Deos,Layerr,165.75,4.5
Madrid - Dessert Spoons,"Kitchen, Garden & Pets",Crockery & Cutlery,FNS,359.0,5.0
"Shot Body Spray - Gold, Passion",Beauty & Hygiene,Fragrances & Deos,Layerr,175.5,4.3
Toilex With Roundy Cont.- Vf,Cleaning & Household,"Mops, Brushes & Scrubs",Gala,220.0,2.0
"Toilet Roll - 4 Rolls, 3 ply",Cleaning & Household,"Disposables, Garbage Bag",Paseo,325.0,4.1
Twin Bucket Spin Mop - Green - 2 Refills,Cleaning & Household,"Mops, Brushes & Scrubs",Scotch brite,1150.0,2.8
Expanding Folder,Cleaning & Household,Stationery,B Vishal,224.0,3.6
Mouthwash Liquid - Cool Mint With Mild Taste,Beauty & Hygiene,Oral Care,Listerine,220.5,4.3
Quick Chai Masala,Beverages,Tea,Tata Tea,109.2,3.5
Intimate Lightening Serum,Beauty & Hygiene,Skin Care,Namyaa,750.0,4.0
X-Tenso Care Straight Masque,Beauty & Hygiene,Hair Care,LOreal Professionnel,685.0,4.0
Monosodium Glutamate,Gourmet & World Food,Cooking & Baking Needs,Puramate,31.5,4.5
"Puppy Dog Treat - Chicken & Liver Chunks, (Rs 25 Off ) Value Saver Pack","Kitchen, Garden & Pets",Pet Food & Accessories,Pedigree,465.0,4.5
Masala - Vegetable,"Foodgrains, Oil & Masala",Masalas & Spices,Eastern,43.7,4.1
Soya Milk - Vanilla,"Bakery, Cakes & Dairy",Non Dairy,Sofit ,77.17,4.2
Max Fresh New Super Plastic Lunch Box/Tiffin Box - Blue,"Kitchen, Garden & Pets",Storage & Accessories,Cello,469.0,4.5
Fruit Yoghurt - Mango,"Bakery, Cakes & Dairy",Dairy,Milky Mist,79.0,4.0
Chipotle Pepper Sauce,Gourmet & World Food,Cooking & Baking Needs,Tabasco,749.0,4.8
Dairy Milk Black Forest - Imported,Gourmet & World Food,Chocolates & Biscuits,Cadbury,350.0,5.0
Organic Brown Sugar/Sakkare,"Foodgrains, Oil & Masala",Organic Staples,MeraKisan,77.0,4.1
Ready to Eat - Chicken Darbari,Snacks & Branded Foods,Ready To Cook & Eat,Kitchens Of India,190.0,3.9
Nuts Hazelnuts regular,Gourmet & World Food,Chocolates & Biscuits,Sapphire,400.0,3.0
Roasted Sunflower Pumpkin & Flax Seeds,Gourmet & World Food,"Snacks, Dry Fruits, Nuts",True Elements,500.0,4.2
Organic Paneer,"Bakery, Cakes & Dairy",Dairy,Farm Connect,115.0,3.1
"Multipurpose Plastic Basket - Laundry/Clothes, Blue, Oval",Cleaning & Household,Bins & Bathroom Ware,Ratan,149.0,3.6
Pre Shave Foam - Classic Sensitive Skin,Beauty & Hygiene,Men's Grooming,Gillette,180.0,4.3
Tomato Ketchup,Snacks & Branded Foods,"Spreads, Sauces, Ketchup",Madhur,110.0,4.0
Premium Flat Square Plastic Container Set - Blue,"Kitchen, Garden & Pets",Storage & Accessories,Mastercook,69.0,4.1
Touch 'N' Fresh - Wild Lavender,Cleaning & Household,Fresheners & Repellents,Glade,120.0,4.0
Crushed Chikki Peanut Bar,Snacks & Branded Foods,Indian Mithai,Paper Boat,300.0,4.1
Pore Shrinking Face Pack,Beauty & Hygiene,Skin Care,TJORI,299.4,5.0
Wafers - Vanilla & Hazelnut,Gourmet & World Food,Chocolates & Biscuits,Harveys,67.5,2.8
Hair Spa Detoxifying Shampoo,Beauty & Hygiene,Hair Care,LOreal Professionnel,399.0,3.6
Nilgiris Green Tea - Zoho Lemongrass,Beverages,Tea,Teamonk,200.0,5.0
Cloth Clip,Cleaning & Household,Bins & Bathroom Ware,Reliance,240.0,2.8
Original Soap,Beauty & Hygiene,Bath & Hand Wash,Tabac,517.5,4.0
Gulabari Moisturising Cold Cream,Beauty & Hygiene,Skin Care,Dabur,76.8,4.2
All Time Plastic Soup Strainer - Assorted Colour,"Kitchen, Garden & Pets",Kitchen Accessories,All Time,48.0,3.7
"Baby Food with Sprouted Grains - Ragi Rich, 6+ Months, Rich in Vitamins & Minerals, No Milk",Baby Care,Baby Food & Formula,Manna ,99.0,4.1
Organic Kala Chana,"Foodgrains, Oil & Masala",Organic Staples,Organic Tattva,64.0,4.0
5 Star Oreo Chocolate Bar,Snacks & Branded Foods,Chocolates & Candies,Cadbury,35.0,4.4
Pad Thai Noodles,Gourmet & World Food,"Pasta, Soup & Noodles",Real Thai,210.0,4.3
Xanthan Gum,Gourmet & World Food,Cooking & Baking Needs,Purix,90.25,4.0
Mint Seasoning,"Foodgrains, Oil & Masala",Masalas & Spices,Orika,59.25,3.1
Nomarks - Antimarks Soap For Normal Skin,Beauty & Hygiene,Health & Medicine,Bajaj,35.0,4.4
Glass Cleaner,Cleaning & Household,All Purpose Cleaners,Excel Plus,129.0,3.8
Aika Snack Bowl Set,"Kitchen, Garden & Pets",Crockery & Cutlery,Craftel,159.0,3.9
Hyderabadi Dum Biryani Masala,Gourmet & World Food,Cooking & Baking Needs,As Chefs Cook,139.5,3.9
"Cat Treats - Salmon Rings, Purr-Fect","Kitchen, Garden & Pets",Pet Food & Accessories,Kittos,99.0,3.3
Breakfast Protein Variety Bar - Almond Coconut,Gourmet & World Food,Cereals & Breakfast,Yoga bar,290.0,3.8
Tahini,"Foodgrains, Oil & Masala",Masalas & Spices,Bechef,260.0,3.3
Atta Noodles - Masala,Snacks & Branded Foods,"Noodle, Pasta, Vermicelli",Top Ramen ,80.0,4.1
Original Deodorant For Women,Beauty & Hygiene,Fragrances & Deos,Dove,143.0,4.2
Noodles - Medium Egg,Snacks & Branded Foods,"Noodle, Pasta, Vermicelli",Blue Dragon,275.0,4.0
"Super Tight Plastic Container - Printed, Assorted Colour","Kitchen, Garden & Pets",Storage & Accessories,JOYO,209.0,3.6
Under Eye Gel,Beauty & Hygiene,Skin Care,Organic Harvest,505.75,2.0
Dates Pickle,Snacks & Branded Foods,Pickles & Chutney,Double Horse,150.0,4.3
Instant Noodles - Pepper Crab Flavor,Gourmet & World Food,"Pasta, Soup & Noodles",Koka,45.0,4.2
"Confeito Rainbow Vermicelli, Sprinkles",Gourmet & World Food,Cooking & Baking Needs,Wow Confetti,128.25,3.0
Honey - Weight Watchers,Snacks & Branded Foods,"Spreads, Sauces, Ketchup",Future Organics,550.0,5.0
Adhesive - All Fix Clear & Non Staining All Purpose,Cleaning & Household,Stationery,Pidilite,66.5,4.3
"Disposable Bamboo Wood Skewers/Pickers - For Use With Barbecue, 8 Inch","Kitchen, Garden & Pets",Kitchen Accessories,Bamboooz,99.0,3.7
Gulab Jamun - Gol M Gol,Snacks & Branded Foods,Ready To Cook & Eat,Bikaji,230.0,3.6
Aloe Vera Kanti - Body Cleanser Soap,Beauty & Hygiene,Bath & Hand Wash,Patanjali,15.0,4.2
Refillable Gas Lighter With Flame (27.5cm),"Kitchen, Garden & Pets",Kitchen Accessories,Fackelmann,185.0,3.2
"Garbage Bags - Compostable, 100% Corn Starch, Large, Green, Mono-Carton(24x32 Inches)",Cleaning & Household,"Disposables, Garbage Bag",BB Home,450.0,4.0
"Focus - Super Dog Food, For Adults","Kitchen, Garden & Pets",Pet Food & Accessories,Drools,3612.5,3.3
Room Air Freshener Spray - Rose Garden,Cleaning & Household,Fresheners & Repellents,Odonil ,119.2,4.0
Toilet Cleaner Clinging Bleach Gel,Cleaning & Household,All Purpose Cleaners,Clorox,225.0,3.5
Organic - Sambar Powder,"Foodgrains, Oil & Masala",Organic Staples,Organic Tattva,57.0,4.0
Choco Delite Bar,Snacks & Branded Foods,Breakfast Cereals,RiteBite Max Protein,420.0,4.0
Pain Relief Cream,Beauty & Hygiene,Health & Medicine,Moov,112.5,4.3
Luna Water/Juice/Whisky Tumbler,"Kitchen, Garden & Pets",Crockery & Cutlery,Pasabahce,499.0,3.5
Silicone Pacifier Step 2 - Purple Flower,Baby Care,Baby Accessories,Pigeon Baby,249.0,3.0
"Cerelac Baby Cereal with Milk - Wheat Apple, From 6-12 Months, Rich in Iron",Baby Care,Baby Food & Formula,Nestle ,199.0,4.4
Rockers - Chocolate laddu,Snacks & Branded Foods,Indian Mithai,MISHT,299.0,4.2
Immuniveda Golden Turmeric Milk Mix - Immunity Booster,Gourmet & World Food,Drinks & Beverages,Saffola,798.0,3.7
"Air Freshener - Lavender Flavoured, Paper, BB1100",Cleaning & Household,Fresheners & Repellents,Kuxuna,58.0,4.3
Channa Masala,"Foodgrains, Oil & Masala",Masalas & Spices,bb Royal,21.0,4.1
Red Pasta Sauce,Snacks & Branded Foods,Ready To Cook & Eat,Weikfield,40.0,4.0
100% Pure Honey - Worlds No.1 Honey Brand With No Sugar Adulteration,Snacks & Branded Foods,"Spreads, Sauces, Ketchup",Dabur,138.0,4.2
Disney Cinderella Princess PVC Embossed Pencil Bag - HMHTPB 72231-CIN,Cleaning & Household,Stationery,Hm International,160.0,1.0
Exfoliating Walnut Scrub,Beauty & Hygiene,Skin Care,Everyuth Naturals,161.25,4.3
"Accurate Seal Plastic Tea, Coffee, Sugar Storage Container/Canister - Blue","Kitchen, Garden & Pets",Storage & Accessories,Asian,129.0,4.0
Premium Raw Organic Holy Basil Seeds,Gourmet & World Food,"Snacks, Dry Fruits, Nuts",Happilo,99.0,3.9
"Namkeen - Murku, Ribbon",Snacks & Branded Foods,Snacks & Namkeen,Sanjay ,55.0,4.2
Organic - Green Peas/Ona Batani,"Foodgrains, Oil & Masala",Organic Staples,bb Royal,135.0,3.9
Chewy Mints - Lemon,Snacks & Branded Foods,Chocolates & Candies,Doublemint,50.0,4.1
Plain Container Jumbo Combo Set - Blue,"Kitchen, Garden & Pets",Storage & Accessories,Suvidha,469.0,1.0
Nacho Crisps - Cheese & Herbs,Gourmet & World Food,"Snacks, Dry Fruits, Nuts",Cornitos,13.4,4.2
Disney Frozen 304 Stainless Steel Lunch Box/Tiffin Box - HMWWLB 85274-FZ,"Kitchen, Garden & Pets",Storage & Accessories,Hm International,599.0,1.0
Jack Fruit Chips,Snacks & Branded Foods,Snacks & Namkeen,A-1 Chips,120.0,3.9
"Deccan Gold - Premium Filter Coffee, 80:20 Blend",Beverages,Coffee,PRISTINE,100.0,4.3
Multigrain Chips - Dahi Papdi Chaat,Snacks & Branded Foods,Snacks & Namkeen,Too Yumm!,29.75,4.1
"Eau De Parfum - Hydra Energy, For Men",Beauty & Hygiene,Fragrances & Deos,Wild Stone,299.25,4.0
Safe Sun Sun Block Cream PA+ - SPF 20,Beauty & Hygiene,Skin Care,Lotus Herbals,142.5,4.0
Pickle - Avakkai,Snacks & Branded Foods,Pickles & Chutney,Mambalam Iyers,57.0,4.1
French Lavender Oil & Rose Water Face Wash,Beauty & Hygiene,Skin Care,ST. D'VENCE,310.0,3.1
Green Moong//Hesaru Kaalu - Split,"Foodgrains, Oil & Masala",Dals & Pulses,Super Saver,130.0,4.2
Bio Papaya Scrub Wash,Beauty & Hygiene,Skin Care,BIOTIQUE,202.5,4.1
"Organic Red Gram/Tur Dal - Split, Skinned","Foodgrains, Oil & Masala",Dals & Pulses,Earthon,135.0,4.0
"Clothes Storage Laundry Bag - Text Printed, Blue, BB-549",Cleaning & Household,Bins & Bathroom Ware,DP,519.0,4.0
